{"train": [0.6630279749002658], "test": [0.6499561374179852]}