{"train": [0.6654024510832071, 0.6850419259193381, 0.7167257515574142, 0.7378952495196044, 0.7587464730173673], "test": [0.6540952389613508, 0.6561933119837849, 0.672675150271041, 0.6809276092928439, 0.6925718369194493]}