{"number_episodes": 10, "episode_rewards": [859.8999999999786, 862.8999999999844, 864.7999999999779, 852.3999999999745, 853.0999999999752, 787.5999999999658, 865.2999999999787, 860.4999999999824, 850.3999999999786, 819.099999999968], "mean_all_episodes": 847.5999999999765, "std_all_episodes": 23.736680475589505}