{"number_episodes": 6, "episode_rewards": [853.6999999999816, 843.4999999999826, 852.9999999999739, 829.6999999999733, 850.9999999999735, 853.199999999982], "mean_all_episodes": 847.3499999999777, "std_all_episodes": 8.622982855912277}