{"mean": [-95.3899528269304, -95.79823110901113, 155.90984332757324, -95.48998362492834, 224.17387645069834, 268.61646335931607, 261.9485399629439, 336.8383815860641, 539.9369425371528, 329.70709065378617, 263.87229024404667, 558.9368419321391, 345.83855555716747, 449.8916237918305, 419.4733268237552, 666.8728445447757, 482.121889193368, 556.7123291583081, 745.4317425997526, 702.3418220407008, 461.06609854501795, 564.1519703828537, -96.09550408469835, 31.348954488467292, 665.6071954287565, -96.04870589301952, 686.8929098202525, 470.2930724701608, 479.8786660947746, 641.4236766071014, 564.8518568155416, -95.71529440660865, 646.9049855634328, -95.98394146610806, 596.712432101629, 677.3336042319401, 632.8214548459758, -95.61794228676348, 542.6691408098958, 398.946346412851, -96.25677211424616, 700.714256446955, -95.81768920795557, -96.01311727870858, 605.3843245219449, 653.9808128939142, 614.0149880100095, 486.4491890164163, -78.20267223192674, -95.40297082393727, -96.00075077062668, 673.3321243995293, 565.8130227428173, -75.4167753371435, -96.19866383591551, 399.2587178763316, 607.3758265956092, 2.616311852097162, 707.2195088194949], "std": [0.34066759421724274, 0.5695844425901178, 134.12758844091627, 0.5782702093740134, 101.21034524062873, 131.81177439488735, 135.58549197656183, 154.07436360307653, 191.59147042336218, 196.1527656563353, 187.13682411142727, 133.90415146830009, 224.71691742839346, 236.2461097571909, 125.32955862604904, 107.95927974206865, 162.65723065829843, 154.41917675875126, 45.255774340775474, 71.92715086998852, 221.8144278848518, 267.5721570091962, 0.6521637162971622, 40.28821594549218, 64.93178393454417, 0.35785419873203994, 166.0750945640922, 286.26380731323434, 197.61980172979196, 113.8711075455239, 268.5024696494732, 0.27975039847680844, 124.34254868365383, 0.6715206263767037, 186.38783187475286, 73.60139368805362, 173.11740989958392, 0.36182508532556973, 85.92491611043941, 290.7295343927366, 0.5891844167302879, 31.846113320773195, 0.4016080097778794, 0.21288607369691193, 185.81400846017866, 95.34972677991796, 104.06314362036653, 231.97522658081044, 21.51192785232674, 0.1500210431041696, 0.7411217010773117, 158.7885756505145, 81.04093370757991, 12.361981299185627, 0.436153866817487, 215.19637401871478, 235.55578461852807, 63.78108025540193, 63.15660996271945]}