{"train": [0.7506664649309901, 0.806212580707389, 0.8326307909654945, 0.858594227355791], "test": [0.7340969559483634, 0.7659014478659096, 0.7652601950084821, 0.7718797828823614]}