{"train": [0.7506664649309901, 0.806212580707389, 0.8326307909654945, 0.858594227355791, 0.8746629856903433, 0.88756135599932, 0.8996120584140737, 0.907280906071971], "test": [0.7340969559483634, 0.7659014478659096, 0.7652601950084821, 0.7718797828823614, 0.7707472117945028, 0.7656098274758067, 0.7711972002023325, 0.768261410748235]}