{"train": [25.628677034272695, 24.247057471391166, 23.28311320282783, 22.00921543745651, 20.292847133250294, 18.74644707342441, 17.183578782482414, 16.095277578664284, 15.035011121451376, 14.15949755616375], "test": [25.760875586212464, 24.646582713118477, 23.92689542307627, 23.162958862318458, 22.29780074468826, 21.93920088110945, 21.798052461877926, 21.672538706579008, 21.932775648254456, 21.773754031773485]}