{"train": [20.615972685162923, 15.62126993755174, 13.469511184710301, 11.821626079146741, 10.658013128642425], "test": [20.817490018167998, 16.551414445716176, 15.247384070479965, 14.366185444966483, 14.055335340520728]}