{"train": [16.926304120022355, 11.206678212486494, 9.37026816568145, 8.064033463853653, 7.083338678912933, 6.623469115242528, 5.873855207207616, 5.319692427104297], "test": [17.433738196264905, 13.071524907632405, 12.258360462079596, 11.768999398038925, 11.443700764786964, 11.476313560202058, 11.190719071786484, 10.968470919285332]}