{"episode_rewards": [652.1658610271741, 378.0144781144759, 596.3856230031848, 740.8090909090756, 629.0666666666531, 624.1524916943417, 549.4176848874479, 593.9298507462556, 668.8655172413642, 569.771794871784, 454.4171339563829, 571.977922077911, 690.6801418439594, 646.6532467532337, 390.53670411983484], "std": 101.26901212478887, "mean": 583.7896138608718}