{"episode_rewards": [765.3650306748269, 870.1825622775647, 829.8203389830238, 825.5740614334128, 751.7795847750734, 855.497278911547, 866.6554817275588, 882.7178988326718, 860.3106918238748, 838.41022364215, 838.1694704049556, 844.6355371900705, 791.4275080905795, 837.3640522875544, 549.8999999999561], "mean": 813.8539814036545, "std": 79.18811413994194}