{"episode_rewards": [816.4551839464591, 853.7426229507987, 863.4432432432175, 845.127508090589, 854.9993399339756, 867.5373134328141, 857.430573248382, 876.8373134328167, 875.0093632958652, 876.9328621907925, 703.4825545171066, 834.0269841269549, 839.3366197182908, 846.4210526315561, 849.8371647509391], "std": 40.92190097108196, "mean": 844.0413133007039}