{"std": 89.08797612471407, "mean": 442.37485550735227, "episode_rewards": [473.5196319018327, 608.8041095890293, 426.0324041811748, 482.13684210525247, 248.4342019544024, 424.4283018867844, 471.3285714285622, 525.3826254826133, 499.899999999988, 392.9555555555438, 362.19508196720733, 525.3295532645955, 289.1617449664335, 445.67464788731513, 460.33956043954873]}