{"mean": 384.88304688666335, "episode_rewards": [348.2985765124541, 326.52116040955104, 446.66258992804904, 471.32857142856426, 482.0428571428448, 219.6278911564671, 371.2375796178311, 290.4109489051129, 348.17586206896226, 285.4421686747012, 376.0904761904678, 414.9501672240706, 392.9069930069871, 592.5070038910395, 407.04285714284737], "std": 88.60960833590244}