{"episode_rewards": [323.94844290655385, 417.6655677655513, 304.14836601305234, 831.5849816849633, 425.8717314487477, 467.0003717471885, 194.83670886075896, 514.1066420664008, 402.60655270654087, 853.799999999973, 398.1758620689436, 610.9921501706226, 612.4899280575282, 517.6852348993139, 519.2227091633252], "std": 174.34135540184053, "mean": 492.9423499706309}