{"episode_rewards": [495.06129032256473, 730.8523809523634, 709.4890410958687, 696.7749999999803, 353.2557046979723, 880.1999999999794, 770.0520912547254, 407.04285714284407, 542.71045751632, 554.4454545454327, 303.63134328357444, 637.062162162146, 795.1554744525308, 539.7734177214988, 388.36153846152865], "std": 170.00729571365676, "mean": 586.9245475739554}