{"episode_rewards": [393.664944649438, 355.4160142348687, 335.9902255638958, 390.2846153846089, 440.8252669039064, 237.43943217665722, 551.7987341772038, 469.59696969696074, 328.47142857142137, 497.7260869565126, 436.4079365079293, 142.837853107349, 343.9789473684127, 513.3751773049538, 380.99965635737897], "mean": 387.92088593076636, "std": 102.79043362259382}