{"episode_rewards": [495.44140127387254, 448.1758620689558, 409.55250965249616, 554.9522648083504, 615.2846153846025, 424.06356877322287, 573.8926739926636, 504.377611940285, 469.2950177935846, 550.5849315068366, 427.87202797201826, 336.07021276594753, 316.0073825503291, 405.8523809523735, 391.91277955271073], "mean": 461.55568273254994, "std": 84.1628062505615}