{"episode_rewards": [589.3366197182906, 459.656097560957, 474.50567823342004, 236.99677419353705, 688.135294117623, 427.2584905660157, 407.2770491803136, 402.93030303029525, 476.61232876710363, 462.21884057969373, 250.59686411149596, 430.9810810810676, 541.6562724014243, 717.9851063829582, 532.7358208954994], "std": 128.23769174424433, "mean": 473.2588413879797}