{"mean": 638.0937419981709, "episode_rewards": [522.9769230769044, 826.6441860464909, 605.9975609755875, 702.6397260273759, 777.9575539568104, 599.8999999999767, 518.8419795221596, 584.6560975609545, 633.6837837837561, 315.6039711191307, 729.3326241134564, 548.6179487179306, 796.1365591397633, 847.632862190788, 560.7843537414768], "std": 138.3972979166809}