{"episode_rewards": [543.4483870967566, 824.0697416973967, 396.8798657718026, 571.3765100670961, 548.0132075471464, 748.8898989898764, 548.5301369862796, 735.421885521859, 627.2972602739529, 431.5326530612205, 662.9563798219417, 546.2696369636787, 532.9985915492739, 705.1631578947113, 586.9517928286634], "std": 113.44034187144969, "mean": 600.6532737381104}