{"episode_rewards": [430.02048192770576, 456.9934256055292, 477.6027027026938, 275.93305785123385, 336.5666666666574, 368.95537459282275, 409.2632958801398, 299.20555555555126, 403.60370370369156, 354.7872180451071, 483.2333333333231, 358.97473309607904, 404.8833887043081, 277.67777777777167, 143.4424354243589], "std": 87.3025602940586, "mean": 365.40954339113165}