{"train": [24.777893770861123, 17.972062868699442, 14.978235461452662, 12.873996997881266, 10.984103180680613, 10.079134207743063, 9.224159183779426, 8.400949958347596], "test": [24.902758524442415, 18.69030669839334, 17.083063285325743, 16.57994688877238, 16.05043593593123, 16.01136481036051, 15.820446063790016, 15.662011430513745]}