{"number_episodes": 5, "episode_rewards": [832.8999999999742, 813.7999999999753, 821.599999999967, 830.0999999999701, 760.6999999999628], "mean_all_episodes": 811.8199999999699, "std_all_episodes": 26.424791389908396}