{"test": [17.406031622439766, 14.907111770549582, 14.179043454254348, 13.742373621504257, 13.333999422967288, 13.336186456567223, 13.098443807474775, 12.905401353203173, 12.96656223638762, 12.835042687373937], "train": [16.762895580974558, 13.524405740445491, 12.014523038470733, 10.77222534234448, 9.6615023313587, 9.162980807863262, 8.395744863188963, 7.920610085456138, 7.736044634640863, 7.223331216821777]}