{"test": [18.510845628657624, 15.812506957196092, 14.985632142878005, 14.555626259500794, 14.52582102899107, 14.277120824535148, 14.450463586742563, 14.23885738495441, 14.349413437110137, 14.308041439351094], "train": [18.102365186582244, 14.623367691826413, 12.975873417555547, 11.74504935868724, 10.8343552223777, 9.973197757066371, 9.60415070241938, 8.759989131540452, 8.50270449946418, 8.059862492270417]}