{"train": [0.7751651863524034, 0.8166467423097339, 0.8415990201083041, 0.8587490235927848, 0.8725721304491401, 0.882966001752242, 0.8925442631169915, 0.8981472341509409], "test": [0.7602747238863009, 0.7811899396558158, 0.7829375457458984, 0.7884529516719782, 0.7877736923793635, 0.7906457372366811, 0.7891779621949973, 0.7876370718684821]}