{"episode_rewards": [637.1013651876979, 324.51538461537785, 318.8602446483089, 497.64436090224217, 608.3745762711727, 619.5969696969578, 617.848717948709, 584.1105263157763, 493.6499999999889, 594.9354609928963, 720.5896551723988, 572.3738675958081, 422.3913494809573, 751.3492753623084, 679.6202797202686], "mean": 562.864135594058, "std": 125.0481318001643}