{"episode_rewards": [834.323676012435, 852.9432432432167, 835.4595667869859, 878.2954372623352, 866.107801418423, 825.2521126760307, 824.0935483870785, 637.5712328766992, 852.811036789272, 860.8275080905934, 879.4650557620648, 852.111036789273, 858.0650557620627, 859.8824561403289, 847.9824561403249], "mean": 837.679414942475, "std": 55.87075529826832}