{"episode_rewards": [840.2797833934828, 851.3664122137263, 830.4888198757482, 817.6034482758348, 839.4057553956562, 841.3774834436915, 838.3328621907878, 850.8691318327741, 718.5274509803511, 838.8554817275564, 830.4483870967524, 882.5695473250886, 886.4371647509477, 775.5480620154761, 797.2853420195058], "mean": 829.2930088358254, "std": 39.93345221736215}